{"cameraMode":{"drawMode":0,"name":"Shaded","section":"Shading Mode"},"sceneLighting":false,"audioPlay":false,"sceneViewState":{"showFog":true,"showMaterialUpdate":true,"showSkybox":false,"showFlares":true,"showImageEffects":true,"showParticleSystems":true,"showVisualEffectGraphs":true,"m_FxEnabled":true},"in2DMode":false,"pivot":{"x":0.002040863037109375,"y":1.9210810661315919,"z":0.010135650634765625},"rotation":{"x":-0.05550346523523331,"y":0.10195615142583847,"z":-0.0055817170068621639,"w":-0.9932631850242615},"size":2.218632221221924,"orthographic":false}