{"cameraMode":{"drawMode":0,"name":"Shaded","section":"Shading Mode"},"sceneLighting":false,"audioPlay":false,"sceneViewState":{"showFog":true,"showMaterialUpdate":true,"showSkybox":false,"showFlares":true,"showImageEffects":true,"showParticleSystems":true,"showVisualEffectGraphs":true,"m_FxEnabled":true},"in2DMode":false,"pivot":{"x":0.014234662055969239,"y":0.7923725843429565,"z":0.04430556297302246},"rotation":{"x":-0.35298171639442446,"y":-0.2915075421333313,"z":0.11797697097063065,"w":-0.8812987804412842},"size":2.6754133701324465,"orthographic":false}