{"cameraMode":{"drawMode":0,"name":"Shaded","section":"Shading Mode"},"sceneLighting":false,"audioPlay":false,"sceneViewState":{"showFog":true,"showMaterialUpdate":true,"showSkybox":false,"showFlares":true,"showImageEffects":true,"showParticleSystems":true,"showVisualEffectGraphs":true,"m_FxEnabled":true},"in2DMode":false,"pivot":{"x":0.004565596580505371,"y":0.9050941467285156,"z":0.07408899068832398},"rotation":{"x":-0.35298171639442446,"y":-0.2915075421333313,"z":0.11797697097063065,"w":-0.8812987804412842},"size":1.415697455406189,"orthographic":false}