{"cameraMode":{"drawMode":0,"name":"Shaded","section":"Shading Mode"},"sceneLighting":false,"audioPlay":false,"sceneViewState":{"showFog":true,"showMaterialUpdate":true,"showSkybox":false,"showFlares":true,"showImageEffects":true,"showParticleSystems":true,"showVisualEffectGraphs":true,"m_FxEnabled":true},"in2DMode":false,"pivot":{"x":8.157068252563477,"y":0.1539297103881836,"z":-0.008013725280761719},"rotation":{"x":-0.20756758749485017,"y":-0.21813686192035676,"z":0.04863002523779869,"w":-0.9524438977241516},"size":16.334415435791017,"orthographic":false}