{"cameraMode":{"drawMode":0,"name":"Shaded","section":"Shading Mode"},"sceneLighting":false,"audioPlay":false,"sceneViewState":{"showFog":true,"showMaterialUpdate":true,"showSkybox":false,"showFlares":true,"showImageEffects":true,"showParticleSystems":true,"showVisualEffectGraphs":true,"m_FxEnabled":true},"in2DMode":false,"pivot":{"x":-0.05989885330200195,"y":-0.050519466400146487,"z":0.4974222183227539},"rotation":{"x":-0.20756758749485017,"y":-0.21813686192035676,"z":0.04863002523779869,"w":-0.9524438977241516},"size":4.455075740814209,"orthographic":false}