{"cameraMode":{"drawMode":0,"name":"Shaded","section":"Shading Mode"},"sceneLighting":false,"audioPlay":false,"sceneViewState":{"showFog":true,"showMaterialUpdate":true,"showSkybox":false,"showFlares":true,"showImageEffects":true,"showParticleSystems":true,"showVisualEffectGraphs":true,"m_FxEnabled":true},"in2DMode":false,"pivot":{"x":-2.4718971252441408,"y":2.524937152862549,"z":0.05751991271972656},"rotation":{"x":-0.05550346523523331,"y":0.10195615142583847,"z":-0.0055817170068621639,"w":-0.9932631850242615},"size":3.6521265506744386,"orthographic":false}