{"cameraMode":{"drawMode":0,"name":"Shaded","section":"Shading Mode"},"sceneLighting":false,"audioPlay":false,"sceneViewState":{"showFog":true,"showMaterialUpdate":true,"showSkybox":false,"showFlares":true,"showImageEffects":true,"showParticleSystems":true,"showVisualEffectGraphs":true,"m_FxEnabled":true},"in2DMode":false,"pivot":{"x":0.024075865745544435,"y":0.7869939804077148,"z":0.06240439414978027},"rotation":{"x":-0.35298171639442446,"y":-0.2915075421333313,"z":0.11797697097063065,"w":-0.8812987804412842},"size":2.813084363937378,"orthographic":false}