{"cameraMode":{"drawMode":0,"name":"Shaded","section":"Shading Mode"},"sceneLighting":false,"audioPlay":false,"sceneViewState":{"showFog":true,"showMaterialUpdate":true,"showSkybox":false,"showFlares":true,"showImageEffects":true,"showParticleSystems":true,"showVisualEffectGraphs":true,"m_FxEnabled":true},"in2DMode":false,"pivot":{"x":-0.10475969314575196,"y":0.018608033657073976,"z":0.838939368724823},"rotation":{"x":-0.20430883765220643,"y":-0.48587363958358767,"z":0.11928120255470276,"w":-0.8415203094482422},"size":1.1391487121582032,"orthographic":false}