{"cameraMode":{"drawMode":0,"name":"Shaded","section":"Shading Mode"},"sceneLighting":false,"audioPlay":false,"sceneViewState":{"showFog":false,"showMaterialUpdate":false,"showSkybox":false,"showFlares":false,"showImageEffects":false,"showParticleSystems":false,"showVisualEffectGraphs":true,"m_FxEnabled":true},"in2DMode":false,"pivot":{"x":0.009217205457389355,"y":1.339362382888794,"z":-1.22209894657135},"rotation":{"x":-0.003027204656973481,"y":0.9927886724472046,"z":0.014425747096538544,"w":0.11987154185771942},"size":1.4942258596420289,"orthographic":false}