{"cameraMode":{"drawMode":0,"name":"Shaded","section":"Shading Mode"},"sceneLighting":false,"audioPlay":false,"sceneViewState":{"showFog":true,"showMaterialUpdate":true,"showSkybox":false,"showFlares":true,"showImageEffects":true,"showParticleSystems":true,"showVisualEffectGraphs":true,"m_FxEnabled":true},"in2DMode":false,"pivot":{"x":0.019759535789489747,"y":2.1575798988342287,"z":-0.018568038940429689},"rotation":{"x":-0.24354888498783112,"y":-0.11337190866470337,"z":0.029346944764256479,"w":-0.9628943800926209},"size":2.4929826259613039,"orthographic":false}