{"cameraMode":{"drawMode":0,"name":"Shaded","section":"Shading Mode"},"sceneLighting":false,"audioPlay":false,"sceneViewState":{"showFog":true,"showMaterialUpdate":true,"showSkybox":false,"showFlares":true,"showImageEffects":true,"showParticleSystems":true,"showVisualEffectGraphs":true,"m_FxEnabled":true},"in2DMode":false,"pivot":{"x":0.15455198287963868,"y":2.850832462310791,"z":-0.15218117833137513},"rotation":{"x":-0.20286880433559419,"y":0.12131207436323166,"z":-0.024847019463777543,"w":-0.9714477062225342},"size":4.088423728942871,"orthographic":false}