{"cameraMode":{"drawMode":0,"name":"Shaded","section":"Shading Mode"},"sceneLighting":false,"audioPlay":false,"sceneViewState":{"showFog":true,"showMaterialUpdate":true,"showSkybox":false,"showFlares":true,"showImageEffects":true,"showParticleSystems":true,"showVisualEffectGraphs":true,"m_FxEnabled":true},"in2DMode":false,"pivot":{"x":-0.0003179311752319336,"y":0.0000152587890625,"z":0.000002384185791015625},"rotation":{"x":-0.06474724411964417,"y":0.024231061339378358,"z":-0.0015628156252205372,"w":-0.997609555721283},"size":1.2098709344863892,"orthographic":false}