{"cameraMode":{"drawMode":0,"name":"Shaded","section":"Shading Mode"},"sceneLighting":false,"audioPlay":false,"sceneViewState":{"showFog":true,"showMaterialUpdate":true,"showSkybox":false,"showFlares":true,"showImageEffects":true,"showParticleSystems":true,"showVisualEffectGraphs":true,"m_FxEnabled":true},"in2DMode":false,"pivot":{"x":-0.01351851224899292,"y":-0.01190418004989624,"z":-0.02626502513885498},"rotation":{"x":-0.35298171639442446,"y":-0.2915075421333313,"z":0.11797697097063065,"w":-0.8812987804412842},"size":1.4268988370895386,"orthographic":false}