{"cameraMode":{"drawMode":0,"name":"Shaded","section":"Shading Mode"},"sceneLighting":true,"audioPlay":false,"sceneViewState":{"showFog":true,"showMaterialUpdate":true,"showSkybox":true,"showFlares":true,"showImageEffects":true,"showParticleSystems":true,"showVisualEffectGraphs":true,"m_FxEnabled":true},"in2DMode":false,"pivot":{"x":-70.15457153320313,"y":-21.803665161132814,"z":103.86870574951172},"rotation":{"x":0.08487499505281449,"y":-0.30200740694999697,"z":0.02582404389977455,"w":0.9492332935333252},"size":73.44467163085938,"orthographic":false}