{"cameraMode":{"drawMode":0,"name":"Shaded","section":"Shading Mode"},"sceneLighting":true,"audioPlay":false,"sceneViewState":{"showFog":true,"showMaterialUpdate":true,"showSkybox":true,"showFlares":true,"showImageEffects":true,"showParticleSystems":true,"showVisualEffectGraphs":true,"m_FxEnabled":true},"in2DMode":false,"pivot":{"x":50.26567459106445,"y":5.2124481201171879,"z":-16.560503005981447},"rotation":{"x":-0.10053848475217819,"y":-0.03605369105935097,"z":0.005116390995681286,"w":-0.9943748712539673},"size":0.7093537449836731,"orthographic":false}