{"cameraMode":{"drawMode":0,"name":"Shaded","section":"Shading Mode"},"sceneLighting":true,"audioPlay":false,"sceneViewState":{"showFog":true,"showMaterialUpdate":true,"showSkybox":true,"showFlares":true,"showImageEffects":true,"showParticleSystems":true,"showVisualEffectGraphs":true,"m_FxEnabled":true},"in2DMode":false,"pivot":{"x":69.30509948730469,"y":5.963561534881592,"z":59.48595428466797},"rotation":{"x":0.010195743292570115,"y":-0.00853709690272808,"z":0.001274630194529891,"w":-1.0000008344650269},"size":40.49531555175781,"orthographic":false}