{"cameraMode":{"drawMode":0,"name":"Shaded","section":"Shading Mode"},"sceneLighting":false,"audioPlay":false,"sceneViewState":{"showFog":true,"showMaterialUpdate":true,"showSkybox":false,"showFlares":true,"showImageEffects":true,"showParticleSystems":true,"showVisualEffectGraphs":true,"m_FxEnabled":true},"in2DMode":false,"pivot":{"x":0.02711591124534607,"y":-0.1551263928413391,"z":-0.026631593704223634},"rotation":{"x":-0.20430883765220643,"y":-0.48587363958358767,"z":0.11928120255470276,"w":-0.8415203094482422},"size":1.2394230365753174,"orthographic":false}